Date,"Influenza","Febbre","Paracetamolo","Antipiretico","Cortisone","Ibuprofene","Tonsillite","Bronchite","Morbillo","Polmonite"
2015-07-01,121,431,553,88,531,465,284,191,449,444
2015-07-02,94,386,515,61,499,484,289,191,482,420
2015-07-03,103,342,547,69,493,448,304,175,569,386
2015-07-04,76,340,508,71,464,432,251,142,386,369
2015-07-05,99,330,503,74,470,404,263,167,383,398
2015-07-06,99,365,548,82,455,448,331,208,480,477
2015-07-07,97,403,523,83,471,424,330,212,372,464
2015-07-08,98,401,550,68,516,429,265,176,435,472
2015-07-09,87,363,526,78,511,519,325,202,437,480
2015-07-10,98,305,550,83,546,472,288,191,390,420
2015-07-11,74,365,506,74,478,408,251,168,421,383
2015-07-12,89,407,487,64,416,479,241,167,411,388
2015-07-13,146,457,582,92,524,540,292,231,427,505
2015-07-14,110,396,647,59,506,484,311,178,369,507
2015-07-15,101,415,539,89,474,433,272,206,358,417
2015-07-16,84,413,546,79,463,476,289,154,340,431
2015-07-17,55,379,546,67,468,480,266,150,293,385
2015-07-18,60,341,471,65,411,421,221,121,291,344
2015-07-19,90,396,501,62,419,374,252,153,336,377
2015-07-20,75,414,528,87,426,447,358,190,324,496
2015-07-21,104,414,530,80,446,447,400,195,321,453
2015-07-22,88,409,531,75,485,428,337,171,341,504
2015-07-23,82,445,2999,140,467,1110,302,208,346,491
2015-07-24,86,337,1281,75,438,609,292,176,327,463
2015-07-25,58,335,721,56,383,412,199,155,324,349
2015-07-26,91,397,506,70,418,517,233,174,342,351
2015-07-27,94,406,553,63,441,539,288,238,354,463
2015-07-28,82,452,558,75,443,486,277,201,326,434
2015-07-29,93,355,595,54,421,398,267,192,257,457
2015-07-30,108,321,503,58,477,442,270,194,214,375
2015-07-31,65,311,508,70,441,440,255,156,208,354
2015-08-01,50,267,521,84,392,422,202,123,206,311
2015-08-02,62,272,594,80,401,405,245,157,254,319
2015-08-03,58,302,538,75,464,438,242,223,211,334
2015-08-04,56,279,569,75,496,460,285,187,219,398
2015-08-05,57,309,618,73,455,462,266,169,238,359
2015-08-06,87,329,576,59,455,426,276,201,183,403
2015-08-07,56,287,512,62,462,444,259,175,194,334
2015-08-08,72,285,483,46,417,400,193,127,195,343
2015-08-09,98,316,467,52,386,445,231,181,218,378
2015-08-10,173,312,604,67,421,425,278,178,207,413
2015-08-11,112,337,541,84,428,498,234,196,222,412
2015-08-12,93,364,524,80,456,462,238,216,213,418
2015-08-13,218,344,583,91,398,475,247,178,220,324
2015-08-14,100,335,566,60,460,437,229,161,207,382
2015-08-15,133,269,552,57,416,411,185,162,196,295
2015-08-16,78,401,633,84,429,447,235,200,197,339
2015-08-17,113,349,596,95,474,482,257,204,248,437
2015-08-18,114,386,651,109,462,564,264,216,216,339
2015-08-19,162,385,637,109,423,517,287,227,252,358
2015-08-20,169,351,613,93,490,489,288,201,207,385
2015-08-21,220,373,626,84,497,526,240,204,202,417
2015-08-22,170,368,573,73,393,453,245,172,182,327
2015-08-23,173,376,632,77,399,530,241,212,178,336
2015-08-24,262,457,624,91,491,584,300,294,232,394
2015-08-25,117,411,740,92,509,548,280,252,247,435
2015-08-26,237,398,647,77,544,502,291,242,244,462
2015-08-27,176,378,704,102,498,553,269,247,281,429
2015-08-28,154,393,597,85,499,526,245,243,262,405
2015-08-29,161,369,561,93,439,478,213,200,179,345
2015-08-30,149,390,586,92,429,423,225,217,208,343
2015-08-31,183,424,633,107,454,452,268,262,285,411
2015-09-01,321,485,637,101,520,546,282,234,253,482
2015-09-02,193,450,703,97,498,516,252,270,299,417
2015-09-03,331,427,670,87,519,422,250,237,283,495
2015-09-04,200,442,662,88,494,449,265,212,281,469
2015-09-05,141,381,622,84,449,437,214,198,221,363
2015-09-06,171,392,605,74,413,456,205,184,229,340
2015-09-07,213,437,712,96,523,482,281,232,291,461
2015-09-08,202,444,667,87,449,472,249,260,244,405
2015-09-09,143,448,691,83,451,495,253,176,271,404
2015-09-10,134,463,694,78,413,445,249,182,224,374
2015-09-11,108,411,710,91,465,488,227,205,220,408
2015-09-12,110,358,573,77,392,405,209,169,195,288
2015-09-13,101,395,606,71,392,394,251,183,287,343
2015-09-14,143,439,648,115,469,455,300,225,254,513
2015-09-15,161,511,708,101,441,473,216,231,251,484
2015-09-16,158,486,712,68,446,449,252,192,262,456
2015-09-17,150,468,594,80,449,485,250,196,218,410
2015-09-18,143,395,658,82,444,464,254,212,215,337
2015-09-19,101,416,671,65,389,466,192,193,221,317
2015-09-20,134,451,642,92,357,392,214,211,220,314
2015-09-21,183,452,753,73,418,471,274,298,287,472
2015-09-22,185,506,720,101,508,550,259,266,270,449
2015-09-23,180,525,775,98,527,491,290,279,258,442
2015-09-24,173,507,767,92,432,514,305,292,260,387
2015-09-25,143,450,752,102,441,545,241,212,282,399
2015-09-26,148,449,808,123,372,511,188,242,197,346
2015-09-27,166,451,882,113,413,554,208,219,212,326
2015-09-28,229,550,883,106,457,633,268,298,248,417
2015-09-29,214,547,881,129,421,592,236,292,232,408
2015-09-30,261,562,900,113,447,596,228,270,235,396
2015-10-01,196,488,852,94,414,539,238,317,273,423
2015-10-02,217,429,889,83,413,512,251,296,224,426
2015-10-03,172,466,820,82,347,502,214,244,239,325
2015-10-04,214,478,871,87,369,510,262,270,294,402
2015-10-05,215,558,907,136,435,607,270,357,323,515
2015-10-06,229,561,1006,127,486,613,240,353,763,524
2015-10-07,221,522,952,120,470,630,257,343,529,534
2015-10-08,202,469,896,107,444,698,244,336,470,453
2015-10-09,208,471,940,128,440,567,280,338,359,413
2015-10-10,238,465,892,101,394,546,223,284,334,429
2015-10-11,206,481,842,110,381,523,245,268,373,409
2015-10-12,248,517,911,102,482,540,272,421,402,546
2015-10-13,232,563,1000,134,493,627,327,348,384,504
2015-10-14,219,453,983,117,444,561,287,352,427,501
2015-10-15,203,525,839,121,428,575,262,367,596,559
2015-10-16,176,418,880,109,453,535,297,314,644,501
2015-10-17,166,412,857,99,401,511,186,239,575,391
2015-10-18,156,442,848,98,426,479,191,301,582,434
2015-10-19,215,523,884,109,453,607,289,460,590,496
2015-10-20,218,480,993,113,414,582,284,392,464,520
2015-10-21,215,538,951,110,436,657,274,352,440,547
2015-10-22,166,491,948,99,458,572,241,351,423,517
2015-10-23,172,386,882,101,410,528,288,296,400,468
2015-10-24,178,422,798,90,388,527,219,283,320,364
2015-10-25,153,467,785,101,319,518,256,308,326,436
2015-10-26,171,528,903,91,449,568,281,446,400,583
2015-10-27,200,481,957,105,467,613,310,377,352,473
2015-10-28,213,494,886,136,468,623,301,408,317,514
2015-10-29,191,460,931,91,435,551,295,382,308,488
2015-10-30,164,383,806,77,492,543,302,335,326,459
2015-10-31,133,365,746,89,372,486,226,283,247,405
2015-11-01,154,439,708,99,490,479,242,306,291,415
2015-11-02,165,488,872,102,487,582,296,423,342,813
2015-11-03,174,490,883,106,432,534,291,353,354,603
2015-11-04,225,526,866,107,470,627,308,390,374,527
2015-11-05,226,471,964,128,510,560,311,300,349,534
2015-11-06,177,453,892,94,443,592,284,342,391,533
2015-11-07,177,414,810,96,410,469,247,300,306,447
2015-11-08,192,463,777,93,385,501,255,307,347,394
2015-11-09,199,501,854,114,476,594,361,441,344,567
2015-11-10,243,484,872,84,485,588,346,410,311,483
2015-11-11,200,463,877,108,477,546,314,367,294,551
2015-11-12,200,464,917,115,508,610,295,382,364,517
2015-11-13,178,432,807,86,468,575,252,325,292,597
2015-11-14,129,356,668,84,356,490,226,220,256,396
2015-11-15,149,388,810,111,344,508,232,299,320,433
2015-11-16,209,494,888,113,440,529,309,373,252,511
2015-11-17,191,477,895,97,520,556,322,324,285,498
2015-11-18,217,465,1028,113,474,528,278,386,305,522
2015-11-19,200,489,880,122,411,543,291,348,382,531
2015-11-20,166,437,838,98,451,555,275,288,377,522
2015-11-21,150,443,745,91,376,508,212,254,261,462
2015-11-22,164,479,768,91,385,537,214,247,302,525
2015-11-23,252,540,905,137,436,545,314,343,302,541
2015-11-24,254,564,924,106,420,541,291,411,348,492
2015-11-25,208,513,882,98,473,601,320,369,323,555
2015-11-26,211,532,848,105,447,530,265,340,482,538
2015-11-27,189,479,899,111,407,539,307,322,288,566
2015-11-28,180,428,799,86,436,488,229,277,514,496
2015-11-29,183,447,829,107,405,480,242,287,341,475
2015-11-30,223,571,875,85,393,569,340,423,303,641
2015-12-01,213,549,905,129,455,550,241,379,274,626
2015-12-02,258,554,911,110,409,536,309,350,304,616
2015-12-03,230,540,1419,143,431,539,307,362,317,636
2015-12-04,160,467,941,97,420,557,267,329,295,586
2015-12-05,173,400,838,86,351,511,217,251,232,486
2015-12-06,164,390,826,122,361,572,249,304,275,448
2015-12-07,172,458,952,126,330,577,267,350,283,570
2015-12-08,230,536,824,100,344,499,249,335,314,569
2015-12-09,300,574,1146,127,390,591,307,462,310,659
2015-12-10,238,597,933,124,413,536,313,427,331,686
2015-12-11,230,508,935,114,431,521,287,429,262,631
2015-12-12,170,465,879,92,354,509,253,387,226,587
2015-12-13,158,591,929,121,363,543,305,327,311,561
2015-12-14,189,590,932,97,413,554,302,442,340,639
2015-12-15,227,563,1005,118,419,526,313,361,317,638
2015-12-16,257,635,1126,155,428,529,337,347,293,619
2015-12-17,218,520,1028,105,427,628,302,420,289,687
2015-12-18,153,470,844,97,394,511,301,349,219,542
2015-12-19,182,460,827,92,346,493,276,318,223,521
2015-12-20,252,463,821,113,363,472,265,407,283,591
2015-12-21,244,528,962,110,414,494,322,447,273,689
2015-12-22,203,466,938,115,380,458,321,395,231,598
2015-12-23,164,455,924,106,312,469,271,352,218,526
2015-12-24,138,364,728,98,351,483,226,272,178,421
2015-12-25,147,371,758,96,305,469,221,323,188,423
2015-12-26,190,494,928,117,327,589,263,386,288,603
2015-12-27,229,577,1156,134,357,571,259,439,292,610
2015-12-28,275,649,1262,151,424,668,313,571,358,759
2015-12-29,255,738,1244,158,438,606,314,602,328,733
2015-12-30,237,775,1236,134,438,716,320,544,343,768
2015-12-31,169,507,1203,114,318,542,175,332,231,523
2016-01-01,152,416,1077,126,353,617,228,368,238,594
2016-01-02,260,583,1145,195,386,595,271,564,303,726
2016-01-03,245,643,1178,151,381,655,320,559,281,705
2016-01-04,280,765,1246,146,476,692,384,704,340,919
2016-01-05,307,771,1216,168,492,675,325,606,323,883
2016-01-06,255,709,1156,162,412,611,298,523,281,746
2016-01-07,307,752,1173,174,425,624,347,637,373,887
2016-01-08,328,688,1230,173,470,676,347,612,363,871
2016-01-09,259,669,1047,104,480,610,313,497,372,740
2016-01-10,274,725,1121,112,475,601,376,492,853,772
2016-01-11,303,719,1232,140,519,655,391,659,497,911
2016-01-12,312,766,1119,143,528,670,348,532,403,848
2016-01-13,337,627,1103,126,519,653,344,528,367,832
2016-01-14,281,679,1130,118,493,631,322,464,662,852
2016-01-15,294,621,1007,92,495,692,316,446,649,784
2016-01-16,248,558,995,121,453,760,258,372,682,727
2016-01-17,236,684,1035,102,447,744,272,449,671,772
2016-01-18,357,668,1096,120,502,677,314,554,608,911
2016-01-19,288,720,1115,134,547,618,314,574,587,889
2016-01-20,272,753,1035,140,481,636,304,561,492,802
2016-01-21,284,707,1136,117,480,604,329,482,438,745
2016-01-22,265,653,967,110,530,632,371,480,408,821
2016-01-23,211,672,1079,120,432,679,320,415,328,622
2016-01-24,290,792,1088,137,424,650,335,461,402,718
2016-01-25,289,842,1201,131,466,694,394,659,397,914
2016-01-26,304,871,1124,120,463,690,315,551,327,810
2016-01-27,327,878,1245,136,469,711,326,540,380,851
2016-01-28,333,837,1169,137,523,776,338,537,362,914
2016-01-29,292,893,1060,132,520,665,281,585,370,784
2016-01-30,295,704,1035,101,441,671,280,447,335,720
2016-01-31,249,824,1119,131,410,662,278,473,382,738
2016-02-01,357,1003,1192,144,463,876,375,633,437,924
2016-02-02,373,1057,1107,140,492,790,337,572,420,814
2016-02-03,378,956,1222,151,481,735,348,602,349,829
2016-02-04,345,878,1125,127,504,643,319,574,364,797
2016-02-05,315,841,1284,132,504,653,271,531,342,764
2016-02-06,268,803,1121,140,488,649,263,450,309,638
2016-02-07,297,898,1204,118,505,642,273,494,366,734
2016-02-08,348,908,1659,148,532,721,329,618,404,957
2016-02-09,373,963,1654,172,523,698,345,570,408,929
2016-02-10,359,972,1361,175,566,653,326,608,363,858
2016-02-11,368,1023,1271,148,541,770,344,627,327,839
2016-02-12,312,922,1270,141,544,689,308,570,275,917
2016-02-13,279,905,1147,131,416,645,294,370,284,759
2016-02-14,304,982,1156,117,442,640,293,398,336,789
2016-02-15,385,1006,1244,149,449,705,371,539,367,957
2016-02-16,427,1052,1235,158,479,733,323,508,385,928
2016-02-17,373,1051,1248,148,471,772,369,489,375,1007
2016-02-18,333,1002,1238,171,485,680,326,490,398,907
2016-02-19,324,995,1128,121,457,674,337,425,324,865
2016-02-20,250,845,1038,139,362,660,276,373,313,696
2016-02-21,277,951,1102,150,438,656,342,430,342,787
2016-02-22,362,1097,1266,135,514,675,356,562,373,942
2016-02-23,314,1126,1424,145,485,714,377,512,382,1053
2016-02-24,408,1060,1440,136,486,695,335,471,368,929
2016-02-25,330,1040,1183,132,458,653,368,415,368,811
2016-02-26,292,876,1211,156,418,676,337,406,310,813
2016-02-27,287,834,1071,110,362,644,295,410,340,707
2016-02-28,242,925,1043,138,359,676,310,508,343,741
2016-02-29,293,899,1118,119,395,680,338,668,369,890
2016-03-01,328,882,1065,121,426,661,348,474,343,872
2016-03-02,307,904,1143,136,399,676,335,544,288,870
2016-03-03,295,992,1184,149,409,726,274,492,317,790
2016-03-04,270,848,1101,118,368,621,309,410,329,762
2016-03-05,245,813,1022,125,358,684,281,340,289,669
2016-03-06,287,932,1071,135,380,668,281,331,372,719
2016-03-07,312,936,1074,132,360,622,359,529,401,842
2016-03-08,295,842,1134,125,365,672,331,430,345,795
2016-03-09,309,967,1204,114,397,712,286,394,325,754
2016-03-10,268,953,1176,118,378,667,321,405,326,793
2016-03-11,225,786,1109,114,368,660,316,415,329,737
2016-03-12,213,740,1005,97,358,580,241,261,283,612
2016-03-13,204,898,1054,119,371,654,283,339,348,684
2016-03-14,286,922,1120,109,402,726,365,435,394,908
2016-03-15,276,951,1177,108,385,726,317,388,333,789
2016-03-16,307,856,1107,140,369,685,340,405,335,777
2016-03-17,294,865,1116,132,381,627,348,344,293,774
2016-03-18,253,804,1103,103,378,630,301,385,329,717
2016-03-19,236,758,998,89,316,594,270,307,278,550
2016-03-20,280,811,1018,114,328,609,296,314,327,639
2016-03-21,318,965,1145,108,412,664,351,450,571,848
2016-03-22,264,922,1065,126,378,668,313,433,519,856
2016-03-23,254,954,1104,121,374,676,276,397,379,767
2016-03-24,241,820,967,107,402,597,258,387,332,709
2016-03-25,261,734,1045,107,385,614,253,337,312,727
2016-03-26,182,677,870,113,302,538,225,272,300,602
2016-03-27,195,618,791,102,320,505,250,314,312,519
2016-03-28,218,676,807,71,321,592,251,290,341,600
2016-03-29,252,881,961,114,412,644,338,428,396,738
2016-03-30,453,832,1061,122,407,637,311,433,318,762
2016-03-31,285,735,995,107,392,606,332,473,490,756
2016-04-01,212,756,1002,123,411,696,307,412,323,862
2016-04-02,199,637,908,112,341,589,262,265,297,631
2016-04-03,214,642,847,90,357,558,270,306,357,638
2016-04-04,225,669,913,115,410,598,360,416,365,833
2016-04-05,220,616,964,97,428,584,288,345,364,798
2016-04-06,231,667,1279,109,476,601,329,351,347,786
2016-04-07,217,619,1149,108,483,628,259,339,387,760
2016-04-08,192,570,933,89,485,643,257,331,368,693
2016-04-09,156,571,795,89,388,578,236,291,297,592
2016-04-10,184,556,797,93,383,513,228,307,305,547
2016-04-11,205,610,938,86,471,581,335,350,333,723
2016-04-12,235,627,925,93,446,609,320,338,347,646
2016-04-13,205,574,890,102,505,594,321,305,720,680
2016-04-14,165,605,853,79,479,630,290,299,431,617
2016-04-15,173,448,806,85,441,517,311,364,311,624
2016-04-16,129,482,757,75,380,527,263,262,281,564
2016-04-17,116,493,753,81,379,499,225,233,385,547
2016-04-18,211,519,810,88,403,634,330,337,333,646
2016-04-19,185,537,797,77,412,644,305,285,401,688
2016-04-20,142,478,856,85,439,596,300,300,341,629
2016-04-21,201,531,912,106,450,558,274,257,306,658
2016-04-22,154,448,761,71,421,569,269,257,400,620
2016-04-23,115,435,815,86,410,636,240,238,314,539
2016-04-24,192,416,784,96,376,588,217,268,312,531
2016-04-25,142,457,826,66,323,577,251,218,342,594
2016-04-26,198,576,837,95,358,608,308,331,383,719
2016-04-27,174,491,881,82,419,606,266,281,353,704
2016-04-28,205,508,901,92,399,619,277,286,325,562
2016-04-29,147,459,825,95,385,613,281,253,333,570
2016-04-30,105,432,797,88,400,538,237,221,283,523
2016-05-01,140,511,821,90,400,497,220,253,320,565
2016-05-02,177,539,824,87,479,575,318,276,317,650
2016-05-03,178,493,871,86,388,545,321,265,333,656
2016-05-04,142,524,755,88,426,629,284,259,333,612
2016-05-05,173,516,871,110,418,592,301,256,332,667
2016-05-06,145,435,780,101,451,561,304,233,303,545
2016-05-07,166,441,705,95,383,538,235,216,285,527
2016-05-08,113,499,731,85,290,541,221,285,306,496
2016-05-09,162,565,861,101,379,593,330,310,311,702
2016-05-10,170,567,850,82,403,549,305,306,328,688
2016-05-11,227,566,841,101,437,601,284,302,364,621
2016-05-12,199,460,833,100,476,577,335,340,405,656
2016-05-13,145,418,994,90,433,567,349,336,457,612
2016-05-14,137,371,1100,73,415,509,304,305,316,455
2016-05-15,128,410,762,107,434,491,266,286,333,503
2016-05-16,140,464,848,99,468,609,399,382,425,616
2016-05-17,187,460,830,96,432,557,412,412,447,672
2016-05-18,171,461,864,88,442,510,381,356,412,657
2016-05-19,180,479,862,80,480,515,269,277,453,627
2016-05-20,152,460,770,92,391,583,283,294,376,575
2016-05-21,139,383,691,84,392,467,298,256,331,515
2016-05-22,133,396,714,87,377,511,287,238,323,472
2016-05-23,228,519,857,98,493,529,361,351,419,634
2016-05-24,134,488,845,85,473,534,346,342,347,608
2016-05-25,163,543,764,82,495,521,351,366,297,634
2016-05-26,154,481,755,64,501,502,316,345,308,935
2016-05-27,140,433,769,70,454,527,322,292,312,613
2016-05-28,120,433,660,61,394,513,241,239,292,514
2016-05-29,146,420,711,95,420,484,287,266,415,496
2016-05-30,155,453,1031,105,484,551,289,342,366,679
2016-05-31,168,437,914,87,537,502,316,355,407,598
2016-06-01,135,441,928,103,500,509,277,305,448,544
2016-06-02,124,411,788,94,477,598,256,250,415,517
2016-06-03,172,414,741,70,435,584,264,268,367,500
2016-06-04,140,425,765,87,427,515,236,238,331,475
2016-06-05,152,402,680,74,432,492,249,244,393,475
2016-06-06,121,473,777,74,469,519,320,328,433,669
2016-06-07,146,416,681,89,473,520,277,283,350,632
2016-06-08,155,467,779,87,493,558,257,291,372,572
2016-06-09,137,458,790,87,522,586,257,281,374,546
2016-06-10,126,383,758,70,423,554,269,278,323,552
2016-06-11,109,415,705,73,452,527,252,219,296,524
2016-06-12,118,397,757,84,437,503,236,236,337,511
2016-06-13,147,417,725,73,404,573,279,263,326,573
2016-06-14,121,481,848,88,482,569,259,229,346,594
2016-06-15,169,461,758,92,435,581,248,272,346,574
2016-06-16,142,450,723,102,407,618,241,223,321,614
2016-06-17,81,382,673,70,410,431,222,203,264,487
2016-06-18,94,383,686,55,353,469,191,167,314,423
2016-06-19,125,439,771,87,459,484,192,228,365,455
2016-06-20,162,463,698,75,476,569,311,274,329,512
2016-06-21,168,496,737,84,475,511,340,263,316,565
2016-06-22,134,415,701,84,452,489,276,222,317,510
2016-06-23,111,438,741,74,420,468,208,199,317,464
2016-06-24,90,370,638,79,425,394,234,208,284,477
2016-06-25,88,407,650,69,390,414,227,186,264,448
2016-06-26,89,405,648,72,431,466,272,191,309,445
2016-06-27,99,433,666,65,430,503,274,224,343,505
2016-06-28,99,410,682,62,415,503,264,225,323,530
2016-06-29,94,399,680,67,444,496,236,219,297,484
2016-06-30,100,413,730,101,431,455,253,201,287,478
2016-07-01,112,325,679,66,413,436,244,177,275,426
2016-07-02,90,337,592,54,354,390,201,168,256,386
2016-07-03,113,347,616,62,383,390,222,160,266,413
2016-07-04,160,439,708,84,434,522,284,217,311,491
2016-07-05,135,416,722,77,446,499,256,205,310,521
2016-07-06,117,392,714,73,423,459,245,191,280,452
2016-07-07,130,393,682,68,373,458,278,191,276,462
2016-07-08,128,402,658,53,388,417,212,176,284,432
2016-07-09,94,391,561,70,440,453,202,131,219,369
2016-07-10,84,377,640,63,327,429,175,168,284,385
2016-07-11,130,370,649,63,456,458,283,226,298,492
2016-07-12,165,376,684,82,402,509,260,209,308,474
2016-07-13,101,453,640,84,389,484,236,187,323,419
2016-07-14,119,408,646,68,417,501,217,160,267,426
2016-07-15,129,393,627,62,391,444,180,193,248,399
2016-07-16,94,369,575,62,277,501,191,163,234,374
2016-07-17,114,388,608,76,310,516,190,180,302,385
2016-07-18,116,452,688,74,361,584,213,224,375,491
2016-07-19,102,418,660,72,377,548,241,181,255,525
2016-07-20,127,380,642,62,421,483,207,209,362,471
2016-07-21,116,385,655,64,392,527,230,186,373,436
2016-07-22,71,365,598,60,393,532,263,160,227,362
2016-07-23,72,281,581,70,339,489,202,148,215,372
2016-07-24,60,350,633,67,338,575,156,168,231,354
2016-07-25,84,343,660,67,396,509,255,211,264,454
2016-07-26,108,333,634,59,321,505,218,191,238,404
2016-07-27,120,356,713,60,356,564,184,186,321,409
2016-07-28,91,287,592,63,343,547,210,198,186,412
2016-07-29,45,258,581,52,368,472,197,177,197,385
2016-07-30,48,248,552,68,316,421,194,153,178,315
2016-07-31,51,283,537,42,315,460,202,152,142,316
2016-08-01,68,313,588,58,377,506,250,197,193,420
2016-08-02,89,309,654,68,336,560,233,206,211,381
2016-08-03,72,381,621,80,366,548,193,198,213,438
2016-08-04,68,327,623,63,347,501,194,236,215,421
2016-08-05,68,313,584,65,337,532,195,211,174,378
2016-08-06,106,254,558,54,298,458,173,168,187,346
2016-08-07,57,274,666,73,262,495,180,132,186,298
2016-08-08,59,298,669,63,343,520,202,200,187,368
2016-08-09,117,314,647,60,278,499,162,205,175,380
2016-08-10,75,303,656,69,344,494,176,199,160,388
2016-08-11,67,339,690,66,278,619,199,214,160,358
2016-08-12,70,302,706,73,287,573,149,165,150,398
2016-08-13,127,284,636,63,273,540,163,178,155,332
2016-08-14,96,297,631,68,260,467,153,138,178,313
2016-08-15,69,309,586,64,285,512,144,162,129,283
2016-08-16,65,306,667,63,342,570,192,206,164,433
2016-08-17,65,337,677,86,364,544,197,219,162,429
2016-08-18,102,336,663,64,590,540,181,241,157,400
2016-08-19,88,324,765,84,536,557,178,202,179,405
2016-08-20,90,293,675,70,496,538,173,201,148,350
2016-08-21,69,313,652,75,449,561,168,189,172,325
2016-08-22,105,355,725,86,488,577,222,266,188,439
2016-08-23,107,387,793,72,473,592,229,227,187,435
2016-08-24,112,361,799,90,436,543,241,219,197,388
2016-08-25,134,407,790,98,476,559,199,213,192,470
2016-08-26,96,356,779,86,404,562,174,214,193,489
2016-08-27,78,293,693,76,353,520,178,182,177,377
2016-08-28,91,348,648,59,328,471,162,166,336,410
2016-08-29,145,387,720,71,398,555,192,282,247,485
2016-08-30,156,423,806,77,384,518,211,250,980,495
2016-08-31,130,436,721,74,383,564,220,243,405,535
2016-09-01,134,378,642,84,485,544,235,237,256,499
2016-09-02,158,347,749,93,532,553,238,255,270,505
2016-09-03,109,362,725,76,417,484,215,209,216,412
2016-09-04,93,417,718,96,476,498,249,198,207,448
2016-09-05,136,437,828,87,506,564,280,233,307,505
2016-09-06,132,446,796,90,454,547,281,235,243,538
2016-09-07,186,420,777,93,439,545,255,278,220,551
2016-09-08,137,443,790,91,489,526,250,233,240,514
2016-09-09,127,400,704,62,437,526,230,209,193,492
2016-09-10,163,395,669,90,386,515,189,167,194,432
2016-09-11,115,401,737,60,407,493,211,222,198,1401
2016-09-12,148,425,766,78,439,541,248,325,243,4899
2016-09-13,122,422,798,96,446,588,213,340,212,2224
2016-09-14,163,384,709,84,409,500,257,302,210,1044
2016-09-15,126,432,749,73,446,563,247,298,167,946
2016-09-16,141,379,720,94,427,492,200,308,218,702
2016-09-17,153,350,699,73,344,478,190,172,208,566
2016-09-18,141,419,693,71,347,489,219,232,239,541
2016-09-19,196,485,830,80,407,549,265,276,263,558
2016-09-20,136,601,848,78,433,598,213,275,285,627
2016-09-21,206,512,932,89,385,594,236,276,291,592
2016-09-22,168,477,1189,100,428,631,269,309,282,530
2016-09-23,162,456,860,80,398,641,263,231,260,559
2016-09-24,152,435,800,79,338,534,185,232,231,462
2016-09-25,195,531,877,114,377,611,223,238,265,501
2016-09-26,239,636,1006,106,379,671,275,316,231,668
2016-09-27,231,571,1036,107,410,631,297,329,263,605
2016-09-28,284,630,1102,112,392,624,274,387,474,625
2016-09-29,264,613,1069,126,421,673,254,324,350,612
2016-09-30,244,597,949,108,418,668,248,366,243,559
2016-10-01,292,534,989,92,354,585,203,301,176,573
2016-10-02,252,578,902,91,342,580,233,333,223,531
2016-10-03,294,566,1081,121,414,648,245,441,249,643
2016-10-04,266,538,1781,129,424,624,290,413,258,615
2016-10-05,309,855,1266,128,412,655,245,380,411,571
2016-10-06,312,719,1131,96,397,618,262,415,285,638
2016-10-07,233,648,1062,99,427,632,226,388,315,598
2016-10-08,362,587,1024,136,349,657,173,344,252,544
2016-10-09,325,628,1065,110,333,575,186,358,258,599
2016-10-10,372,672,1169,98,400,708,275,453,329,710
2016-10-11,330,644,1176,113,395,640,256,445,312,667
2016-10-12,396,689,1072,121,403,613,250,448,293,624
2016-10-13,314,638,1118,104,420,625,291,394,301,593
2016-10-14,258,498,1144,127,406,641,240,373,302,595
2016-10-15,264,438,993,95,358,592,205,376,254,509
2016-10-16,241,455,954,79,333,534,213,337,265,552
2016-10-17,332,562,1121,119,438,591,315,507,295,708
2016-10-18,294,508,1102,106,398,560,262,506,259,673
2016-10-19,261,497,1082,108,407,650,297,397,304,655
2016-10-20,255,500,1057,104,434,590,254,405,299,616
2016-10-21,267,493,1072,88,423,607,240,423,233,576
2016-10-22,197,432,1006,99,395,546,184,333,247,530
2016-10-23,166,474,975,106,363,653,230,346,251,550
2016-10-24,263,510,1053,101,437,625,243,427,318,635
2016-10-25,251,508,1040,102,467,595,320,382,323,717
2016-10-26,225,543,1020,98,436,607,270,412,303,678
2016-10-27,295,498,1163,95,434,615,285,413,314,613
2016-10-28,187,408,959,61,426,611,267,369,247,539
2016-10-29,193,359,830,76,370,554,210,360,249,461
2016-10-30,179,374,877,95,367,528,249,250,230,390
2016-10-31,190,382,940,84,331,546,219,256,233,517
2016-11-01,173,424,932,79,357,552,229,265,374,505
2016-11-02,289,502,1019,96,418,766,256,325,387,578
2016-11-03,246,475,1066,97,416,687,253,275,343,631
2016-11-04,261,424,1028,111,372,664,287,231,278,482
2016-11-05,225,426,958,78,356,608,215,220,287,557
2016-11-06,240,454,916,89,386,622,234,255,368,558
2016-11-07,257,525,1037,120,436,615,279,321,368,630
2016-11-08,288,513,1008,87,429,568,234,288,353,656
2016-11-09,224,447,951,104,397,520,222,274,280,640
2016-11-10,254,442,1028,113,457,590,247,347,328,614
2016-11-11,229,421,939,74,403,553,231,326,350,680
2016-11-12,219,411,859,82,352,553,218,190,319,563
2016-11-13,282,487,947,92,378,586,215,205,323,622
2016-11-14,231,544,996,81,419,576,272,302,325,682
2016-11-15,291,506,978,87,483,607,211,281,293,628
2016-11-16,279,468,1062,74,367,709,256,273,799,609
2016-11-17,309,492,1004,87,448,587,297,290,334,577
2016-11-18,246,374,1069,86,467,634,236,292,502,621
2016-11-19,212,445,939,100,396,585,255,190,431,542
2016-11-20,218,467,938,86,361,608,286,251,346,571
2016-11-21,260,623,1032,100,405,623,324,291,372,643
2016-11-22,297,540,983,95,430,633,336,313,353,683
2016-11-23,320,552,1019,109,505,674,331,324,471,671
2016-11-24,238,537,1158,91,463,657,342,298,454,706
2016-11-25,262,469,925,98,411,630,329,233,336,637
2016-11-26,212,447,872,101,389,570,237,221,340,578
2016-11-27,192,438,838,76,329,536,210,259,307,509
2016-11-28,316,526,980,103,421,641,312,294,391,2371
2016-11-29,266,531,987,98,380,627,302,297,349,739
2016-11-30,276,582,1062,102,376,598,288,299,332,626
2016-12-01,363,540,985,72,403,573,257,308,321,621
2016-12-02,335,525,898,78,360,541,261,294,387,706
2016-12-03,271,560,901,87,388,590,248,260,318,600
2016-12-04,313,577,918,70,380,522,231,290,328,529
2016-12-05,335,660,883,86,381,639,293,323,331,630
2016-12-06,360,616,1033,85,376,666,240,362,326,685
2016-12-07,274,542,973,90,393,591,244,320,232,569
2016-12-08,290,632,1067,109,380,557,237,289,310,604
2016-12-09,362,619,1020,111,391,608,325,403,294,673
2016-12-10,378,604,1056,111,390,646,281,501,314,622
2016-12-11,371,744,1074,112,408,1073,289,512,298,686
2016-12-12,441,798,1142,142,422,869,397,739,316,795
2016-12-13,449,713,1210,95,419,728,297,664,308,768
2016-12-14,496,742,1268,114,439,742,379,660,342,826
2016-12-15,377,778,1219,124,398,744,339,651,276,827
2016-12-16,343,655,1172,105,412,684,278,549,294,752
2016-12-17,376,732,1154,91,345,653,257,523,304,682
2016-12-18,368,786,1155,121,349,642,282,598,368,779
2016-12-19,528,917,1327,123,439,716,308,766,368,870
2016-12-20,472,985,1329,169,439,740,310,795,360,870
2016-12-21,507,1052,1333,142,472,763,312,726,290,956
2016-12-22,450,971,1365,149,439,782,305,739,258,840
2016-12-23,428,875,1304,145,413,645,290,750,240,796
2016-12-24,399,802,1206,129,367,637,196,611,183,682
2016-12-25,492,869,1302,166,376,705,208,597,248,957
2016-12-26,569,1342,1715,197,436,829,299,884,247,1306
2016-12-27,753,1335,2220,235,495,954,397,1097,305,1151
2016-12-28,878,1500,2026,272,518,1006,389,1107,351,1163
2016-12-29,762,1554,2081,258,597,996,416,1091,434,1225
2016-12-30,638,1401,2029,271,579,969,370,1043,432,1100
2016-12-31,655,1088,1755,189,386,809,191,687,248,782
2017-01-01,552,1009,1589,191,411,782,255,768,273,947
2017-01-02,811,1351,1841,249,539,1014,340,1253,425,1266
2017-01-03,855,1434,2225,261,550,1060,399,1150,422,1394
2017-01-04,791,1414,2101,277,538,1081,411,1089,496,1334
2017-01-05,768,1249,1851,228,530,991,362,953,376,1304
2017-01-06,690,1137,1627,186,457,920,262,897,356,1085
2017-01-07,609,1018,1584,190,455,858,249,814,357,1034
2017-01-08,645,1019,1485,200,469,858,290,839,398,1087
2017-01-09,671,1047,1863,175,569,838,372,1161,394,1342
2017-01-10,584,1010,1472,157,525,829,356,983,392,1306
2017-01-11,624,943,1505,155,505,860,315,785,351,1209
2017-01-12,718,1059,1443,177,570,786,333,696,361,1164
2017-01-13,566,859,1379,141,515,788,320,684,364,1145
2017-01-14,534,879,1261,131,488,749,318,560,399,1018
2017-01-15,536,994,1214,158,464,764,327,563,345,1042
2017-01-16,507,970,1342,129,514,803,360,747,394,1106
2017-01-17,588,864,1738,175,543,922,390,730,438,1121
2017-01-18,520,907,1515,167,497,832,324,644,362,1011
2017-01-19,487,855,1244,139,511,738,344,665,373,1099
2017-01-20,478,767,1165,114,533,754,308,586,329,970
2017-01-21,419,804,1116,105,419,701,251,453,296,858
2017-01-22,442,782,1149,137,424,716,272,469,366,936
2017-01-23,536,956,1244,125,504,773,411,679,448,1136
2017-01-24,553,866,1282,137,497,756,380,681,398,1040
2017-01-25,432,814,1192,134,492,764,326,652,399,994
2017-01-26,427,793,1248,133,542,789,310,579,532,1112
2017-01-27,355,731,1127,119,528,732,310,598,429,968
2017-01-28,368,704,1138,125,420,728,269,529,352,891
2017-01-29,364,799,1141,108,399,700,318,520,390,966
2017-01-30,386,883,1162,133,534,762,366,641,481,1134
2017-01-31,348,819,1224,127,509,732,351,709,440,1050
2017-02-01,396,845,1163,119,502,757,362,604,451,1014
2017-02-02,395,779,1381,130,534,730,368,648,421,979
2017-02-03,370,686,1127,137,510,696,368,637,563,905
2017-02-04,321,642,1065,103,490,670,309,500,491,810
2017-02-05,394,696,1081,122,407,701,363,447,481,892
2017-02-06,439,732,1557,144,551,734,404,669,501,1012
2017-02-07,301,719,1098,202,574,709,406,619,514,959
2017-02-08,318,712,1849,140,496,749,411,591,601,987
2017-02-09,375,672,1621,141,507,750,422,539,612,958
2017-02-10,302,565,1390,130,499,667,351,543,502,866
2017-02-11,254,557,1033,143,441,714,300,442,383,812
2017-02-12,247,598,986,91,433,657,296,403,439,777
2017-02-13,305,621,1280,105,518,683,360,603,506,978
2017-02-14,291,554,1162,121,484,659,338,492,439,867
2017-02-15,312,611,1085,121,491,709,362,529,459,940
2017-02-16,301,618,1125,120,500,729,345,443,476,881
2017-02-17,321,544,1042,85,473,713,371,364,412,920
2017-02-18,229,524,1056,105,516,653,290,396,366,760
2017-02-19,241,606,975,114,468,648,350,368,414,734
2017-02-20,287,626,1052,97,503,700,415,583,481,930
2017-02-21,277,642,1087,110,495,692,401,563,480,950
2017-02-22,274,596,1147,111,495,723,348,490,493,947
2017-02-23,264,552,1019,106,528,708,359,431,490,853
2017-02-24,215,547,965,83,481,640,354,358,462,864
2017-02-25,181,415,1050,89,445,663,294,329,383,723
2017-02-26,199,449,868,91,385,659,366,380,386,793
2017-02-27,263,560,933,81,482,714,415,438,492,869
2017-02-28,239,511,1018,102,471,685,371,392,467,790
2017-03-01,240,444,1029,107,502,710,342,393,538,753
2017-03-02,236,493,933,118,492,663,367,407,951,709
2017-03-03,224,509,997,93,477,679,392,314,837,692
2017-03-04,172,450,883,88,460,701,328,285,515,584
2017-03-05,232,504,908,87,466,674,314,297,567,633
2017-03-06,240,552,909,73,459,704,523,450,626,783
2017-03-07,222,490,1131,116,501,656,406,368,596,727
2017-03-08,216,472,970,86,444,681,417,299,568,718
2017-03-09,161,475,951,88,479,690,399,298,573,699
2017-03-10,151,488,929,91,448,731,368,282,482,643
2017-03-11,159,509,840,85,431,714,297,300,654,606
2017-03-12,190,475,856,90,435,692,352,254,537,619
2017-03-13,206,549,2768,103,489,647,397,346,957,856
2017-03-14,191,509,1302,98,481,698,380,372,1421,862
2017-03-15,161,453,1114,101,494,789,376,362,944,729
2017-03-16,194,491,1011,108,537,766,391,328,4682,700
2017-03-17,184,497,936,97,491,861,337,277,8305,741
2017-03-18,151,424,1322,86,473,651,295,233,4122,638
2017-03-19,134,488,976,101,395,641,366,296,2161,650
2017-03-20,216,513,1014,102,479,656,406,416,1834,759
2017-03-21,201,635,977,99,546,671,371,364,2910,764
2017-03-22,188,561,1055,122,467,659,439,333,3014,794
2017-03-23,196,459,955,99,500,647,366,292,2160,701
2017-03-24,160,466,955,84,487,682,352,295,1815,735
2017-03-25,128,421,869,76,403,629,316,209,1105,605
2017-03-26,168,483,804,92,405,637,276,274,947,631
2017-03-27,178,514,857,89,424,625,452,380,1127,1055
2017-03-28,176,507,994,80,437,634,385,303,1039,950
2017-03-29,182,515,952,97,497,692,405,289,4233,858
2017-03-30,204,460,892,76,448,659,386,348,3088,633
2017-03-31,167,411,881,83,483,711,400,273,2164,599
2017-04-01,126,365,768,83,383,617,318,243,1597,542
2017-04-02,158,505,841,88,393,615,358,244,1522,544
2017-04-03,153,485,903,81,447,704,378,320,1714,667
2017-04-04,164,526,842,81,452,664,411,270,1219,600
2017-04-05,194,474,896,74,415,693,440,293,1388,644
2017-04-06,147,468,847,87,441,647,343,264,1234,674
2017-04-07,164,434,805,68,418,591,372,221,1100,651
2017-04-08,121,372,748,78,358,563,318,170,973,516
2017-04-09,146,380,763,85,345,570,309,218,943,518
2017-04-10,162,485,813,77,420,611,439,290,1096,722
2017-04-11,190,513,823,93,390,649,377,254,959,698
2017-04-12,150,392,911,97,392,630,394,243,746,658
2017-04-13,143,392,845,77,385,642,381,200,758,585
2017-04-14,113,297,729,74,411,604,339,201,698,560
2017-04-15,96,384,691,69,316,556,291,170,618,458
2017-04-16,106,303,698,80,344,562,314,152,623,486
2017-04-17,123,347,748,76,337,601,276,191,601,480
2017-04-18,147,485,1024,77,457,667,281,300,1932,714
2017-04-19,183,457,949,64,422,658,307,256,2902,630
2017-04-20,168,477,923,98,426,726,311,228,3036,608
2017-04-21,141,417,897,95,447,650,262,243,2135,518
2017-04-22,122,424,779,76,441,639,209,226,1610,462
2017-04-23,127,423,725,83,373,571,207,182,1283,498
2017-04-24,153,387,803,85,437,647,246,250,1693,592
2017-04-25,137,417,786,111,438,577,225,204,2172,636
2017-04-26,180,438,928,90,455,630,295,260,1566,701
2017-04-27,135,437,862,97,450,627,283,252,1094,664
2017-04-28,155,350,788,60,472,607,257,232,955,576
2017-04-29,130,382,733,70,384,546,225,192,644,528
2017-04-30,96,305,758,74,379,543,226,184,693,447
2017-05-01,150,356,846,97,353,621,242,170,799,570
2017-05-02,172,392,1022,115,442,643,321,221,850,652
2017-05-03,147,393,979,82,436,619,296,236,1632,564
2017-05-04,173,440,988,100,474,618,291,213,4022,581
2017-05-05,145,372,861,56,463,616,289,144,2402,494
2017-05-06,137,391,828,64,357,581,213,144,1378,514
2017-05-07,149,374,812,93,339,588,192,132,891,487
2017-05-08,162,416,885,90,414,603,207,194,978,656
2017-05-09,141,427,896,81,399,620,183,170,793,678
2017-05-10,159,603,888,93,401,648,220,152,829,605
2017-05-11,164,514,891,83,441,568,223,159,1185,589
2017-05-12,147,327,829,78,432,532,237,140,1344,514
2017-05-13,128,309,768,73,382,510,166,144,800,438
2017-05-14,185,341,746,63,406,508,198,183,680,408
2017-05-15,175,415,771,85,483,583,257,224,1040,583
2017-05-16,149,375,939,100,461,563,226,197,1144,582
2017-05-17,181,454,846,78,432,587,332,230,1150,574
2017-05-18,129,414,809,71,510,602,362,221,1203,656
2017-05-19,168,384,818,72,431,606,345,220,1919,569
2017-05-20,211,388,799,99,442,591,260,177,3011,529
2017-05-21,187,406,781,93,390,541,316,199,3268,525
2017-05-22,209,461,872,93,456,577,413,258,3160,611
2017-05-23,183,448,830,76,491,576,379,261,2769,629
2017-05-24,192,380,840,73,514,552,321,221,2147,598
2017-05-25,155,454,781,81,476,611,315,229,1655,592
2017-05-26,152,341,803,79,441,598,281,193,1388,571
2017-05-27,154,347,735,67,436,563,276,148,1184,496
2017-05-28,113,341,752,68,420,510,281,178,859,465
2017-05-29,164,453,850,86,506,588,342,247,1042,619
2017-05-30,149,430,827,95,543,564,348,210,1020,601
2017-05-31,148,425,783,62,526,571,343,203,1174,594
2017-06-01,109,356,801,80,484,585,325,167,923,543
2017-06-02,100,380,681,75,483,530,287,158,905,449
2017-06-03,125,280,682,69,374,503,242,157,848,495
2017-06-04,79,340,911,78,382,530,190,180,831,514
2017-06-05,124,388,860,90,481,584,364,200,846,559
2017-06-06,151,398,811,81,451,762,373,205,729,572
2017-06-07,149,434,791,92,511,733,333,165,964,557
2017-06-08,163,343,1304,111,462,636,299,140,959,521
2017-06-09,119,311,1054,105,468,645,318,162,952,571
2017-06-10,119,322,769,71,483,555,248,119,762,479
2017-06-11,94,340,792,92,452,534,260,129,948,434
2017-06-12,153,357,803,81,461,617,359,171,966,528
2017-06-13,149,400,751,89,515,562,372,162,897,605
2017-06-14,126,363,749,82,486,633,357,149,863,518
2017-06-15,135,370,701,64,476,563,317,189,1129,528
2017-06-16,115,340,679,83,432,552,289,146,1021,573
2017-06-17,113,296,694,63,410,447,264,127,797,450
2017-06-18,108,388,702,72,371,497,282,127,639,453
2017-06-19,203,399,882,80,480,514,319,149,676,674
2017-06-20,226,433,792,74,452,614,301,187,747,495
2017-06-21,159,382,738,76,455,564,332,180,798,481
2017-06-22,188,365,721,74,421,448,285,193,1668,556
2017-06-23,138,306,780,82,430,434,297,161,4276,505
2017-06-24,183,278,585,75,369,404,278,137,1802,441
2017-06-25,120,346,702,77,390,482,277,116,1383,413
2017-06-26,219,340,775,91,435,452,299,184,1756,549
2017-06-27,184,338,796,67,433,486,320,202,1305,552
2017-06-28,153,339,821,73,461,534,323,126,2810,540
2017-06-29,109,325,746,65,410,497,296,104,2381,474
2017-06-30,137,316,760,78,443,507,269,108,1364,395
2017-07-01,117,289,671,73,337,453,247,96,815,425
2017-07-02,139,304,697,67,367,418,266,129,1247,385
2017-07-03,155,351,734,78,427,459,314,126,1199,493
2017-07-04,139,342,747,76,412,433,286,123,1123,460
2017-07-05,143,411,798,73,428,435,324,137,965,505
2017-07-06,116,387,768,80,413,450,336,146,1102,453
2017-07-07,106,312,742,77,433,446,292,105,964,456
2017-07-08,127,306,728,78,354,375,263,93,593,396
2017-07-09,98,359,733,78,374,403,295,107,606,441
2017-07-10,150,395,740,67,452,390,309,124,729,518
2017-07-11,158,350,748,81,412,384,312,147,903,552
2017-07-12,179,357,827,105,457,406,283,112,1160,554
2017-07-13,152,396,666,56,480,451,282,130,2640,520
2017-07-14,90,290,669,90,377,415,302,113,1992,420
2017-07-15,115,281,750,91,378,404,234,103,2288,413
2017-07-16,159,290,686,71,359,433,198,99,1894,408
2017-07-17,161,364,707,68,375,447,261,120,1527,472
2017-07-18,141,379,823,91,411,445,252,110,3727,505
2017-07-19,119,329,783,78,396,446,278,114,2747,458
2017-07-20,117,332,753,62,395,443,340,151,2461,485
2017-07-21,91,276,935,90,387,429,321,110,1922,424
2017-07-22,70,255,655,74,368,435,254,123,1083,389
2017-07-23,107,292,683,68,325,408,257,112,962,381
2017-07-24,120,293,727,69,383,426,294,146,964,480
2017-07-25,93,288,686,77,399,464,299,122,947,510
2017-07-26,76,301,697,81,423,467,311,87,849,506
2017-07-27,71,338,656,67,422,443,298,115,772,420
2017-07-28,85,270,644,89,359,489,271,104,1128,407
2017-07-29,101,244,601,65,295,433,224,91,1069,371
2017-07-30,69,200,566,71,332,423,233,124,880,369
2017-07-31,100,309,580,50,401,433,306,147,1347,470
2017-08-01,97,262,601,69,405,409,282,125,962,420
2017-08-02,72,244,621,65,392,442,251,140,766,442
2017-08-03,99,262,645,85,345,447,276,117,701,436
2017-08-04,104,249,638,62,406,412,262,126,547,413
2017-08-05,151,226,589,67,334,401,228,112,631,380
2017-08-06,81,249,558,67,345,372,226,116,642,494
2017-08-07,152,280,693,66,410,421,302,145,721,502
2017-08-08,87,291,661,68,414,416,261,137,771,476
2017-08-09,124,286,620,59,374,377,254,122,716,400
2017-08-10,101,244,691,71,358,393,248,113,707,436
2017-08-11,99,262,642,93,384,438,243,114,441,400
2017-08-12,78,266,645,62,342,404,239,107,467,371
2017-08-13,96,237,736,77,319,376,205,101,416,329
2017-08-14,122,260,703,56,325,420,266,126,410,382
2017-08-15,86,247,887,86,311,420,188,99,340,323
2017-08-16,94,299,870,91,370,444,261,116,409,407
2017-08-17,95,297,765,93,375,401,231,146,456,449
2017-08-18,83,292,685,73,413,411,283,161,438,434
2017-08-19,127,301,654,83,357,452,252,113,361,369
2017-08-20,99,281,593,81,333,416,251,106,341,387
2017-08-21,158,324,732,88,382,448,302,178,467,504
2017-08-22,168,342,804,84,421,460,297,217,425,440
2017-08-23,183,364,798,70,444,463,318,247,431,559
2017-08-24,148,336,681,96,407,516,272,198,445,493
2017-08-25,140,322,750,140,432,485,291,222,453,448
2017-08-26,134,305,619,81,387,442,237,175,418,407
2017-08-27,118,291,651,92,335,427,267,215,396,465
2017-08-28,134,325,673,65,362,435,244,242,1771,536
2017-08-29,167,363,701,86,358,459,283,243,971,558
2017-08-30,207,325,735,98,355,468,299,284,640,490
2017-08-31,208,343,896,91,364,422,343,261,612,458
2017-09-01,191,364,862,107,342,417,309,220,715,512
2017-09-02,182,281,822,83,331,391,204,162,542,477
2017-09-03,139,347,838,81,335,379,254,168,536,339
2017-09-04,175,362,822,85,364,430,275,209,614,489
2017-09-05,198,402,898,99,362,427,276,248,979,504
2017-09-06,170,439,801,71,418,459,226,203,874,484
2017-09-07,203,361,856,71,410,461,248,236,862,528
2017-09-08,143,350,787,115,403,402,237,177,726,553
2017-09-09,132,312,724,71,343,435,232,196,780,404
2017-09-10,172,312,728,68,318,410,218,177,632,474
2017-09-11,205,403,851,102,318,412,264,213,669,499
2017-09-12,248,401,776,94,366,375,256,258,827,519
2017-09-13,222,373,835,95,304,404,257,200,771,458
2017-09-14,284,402,835,124,372,426,262,174,762,521
2017-09-15,202,329,897,115,350,396,226,210,585,516
2017-09-16,156,384,845,78,340,487,255,196,581,455
2017-09-17,183,362,862,87,325,394,283,234,544,417
2017-09-18,223,448,885,87,317,478,319,270,628,460
2017-09-19,234,492,929,80,368,442,294,304,570,499
2017-09-20,207,501,959,114,321,419,344,278,581,567
2017-09-21,269,481,997,105,339,463,332,305,542,519
2017-09-22,272,432,864,93,335,445,361,340,492,433
2017-09-23,242,449,918,74,307,479,224,259,426,376
2017-09-24,250,550,1021,118,250,433,280,304,457,439
2017-09-25,394,774,1026,138,258,478,311,412,508,586
2017-09-26,338,716,1129,131,285,505,331,401,2291,549
2017-09-27,362,612,1191,130,316,536,349,447,1891,573
2017-09-28,355,513,1262,122,296,477,302,410,937,529
2017-09-29,273,503,1159,120,324,460,313,422,659,544
2017-09-30,315,428,1021,116,356,509,241,384,446,453
2017-10-01,288,471,1068,99,382,461,261,387,475,506
2017-10-02,320,540,1096,115,380,493,351,552,588,571
2017-10-03,342,543,1264,111,419,510,331,477,530,550
2017-10-04,323,476,1222,129,417,538,306,434,535,630
2017-10-05,304,498,1114,96,378,504,291,421,513,649
2017-10-06,271,421,1053,117,404,451,286,347,482,627
2017-10-07,273,394,1009,96,397,413,225,303,462,539
2017-10-08,326,469,1017,111,282,447,267,366,492,474
2017-10-09,344,541,1025,110,324,508,282,431,534,775
2017-10-10,327,408,1102,107,308,484,305,414,525,536
2017-10-11,326,377,1087,95,322,450,285,389,486,541
2017-10-12,400,404,1045,90,341,427,271,377,459,640
2017-10-13,324,406,995,92,306,477,251,325,429,526
2017-10-14,251,349,877,93,273,396,222,260,358,428
2017-10-15,198,395,923,81,311,401,437,266,459,393
2017-10-16,275,445,1050,91,313,433,392,395,425,621
2017-10-17,261,409,1124,88,320,453,330,346,483,567
2017-10-18,258,382,1115,112,327,421,332,343,516,585
2017-10-19,270,418,1003,87,330,448,287,306,496,542
2017-10-20,217,397,963,76,270,424,282,318,530,497
2017-10-21,237,359,853,92,286,415,229,227,404,575
2017-10-22,243,372,917,77,292,416,230,267,422,503
2017-10-23,273,453,925,88,369,475,315,336,455,482
2017-10-24,324,429,1003,82,303,449,291,368,441,519
2017-10-25,322,1259,1038,92,327,385,317,323,408,492
2017-10-26,222,642,914,83,353,434,291,293,393,538
2017-10-27,260,437,907,94,325,411,255,278,330,437
2017-10-28,225,386,800,79,241,404,201,271,264,434
2017-10-29,232,413,855,68,258,440,227,230,357,460
2017-10-30,270,420,977,88,323,415,291,306,440,526
2017-10-31,236,376,983,79,260,484,227,328,350,430
2017-11-01,216,417,945,78,262,446,250,261,329,468
2017-11-02,291,427,977,80,288,426,286,356,369,593
2017-11-03,255,466,1052,84,326,477,293,384,426,614
2017-11-04,229,414,935,89,313,471,242,283,377,514
2017-11-05,272,365,1103,90,330,468,253,314,386,502
2017-11-06,259,402,992,100,301,463,340,374,463,651
2017-11-07,349,460,999,102,306,449,291,350,518,650
2017-11-08,300,428,991,98,293,476,326,358,492,596
2017-11-09,264,368,1009,113,305,458,365,331,427,552
2017-11-10,211,434,961,111,343,448,293,341,417,525
2017-11-11,213,349,810,79,281,437,225,258,384,489
2017-11-12,287,400,915,98,259,423,242,293,377,513
2017-11-13,264,528,889,90,342,440,276,379,420,652
2017-11-14,233,455,964,107,316,459,318,386,420,664
2017-11-15,269,520,1128,103,307,471,353,370,908,621
2017-11-16,241,483,1008,109,337,459,310,386,462,575
2017-11-17,236,412,988,93,303,463,292,342,384,555
2017-11-18,182,356,902,77,282,448,278,322,358,527
2017-11-19,197,385,926,82,284,467,253,339,428,511
2017-11-20,284,516,1000,118,284,482,331,418,424,621
2017-11-21,274,489,1033,100,324,508,303,383,437,668
2017-11-22,254,574,1128,101,327,461,312,402,491,646
2017-11-23,251,444,995,79,342,479,296,394,508,635
2017-11-24,238,461,1145,79,275,409,313,374,487,577
2017-11-25,199,424,908,75,276,415,224,314,434,598
2017-11-26,223,510,895,96,284,429,249,337,464,623
2017-11-27,284,590,1019,105,268,456,327,452,474,682
2017-11-28,312,440,1097,118,282,452,303,438,468,655
2017-11-29,302,402,1075,91,317,420,323,451,458,674
2017-11-30,237,425,1007,99,269,451,296,405,401,614
2017-12-01,255,341,974,87,318,470,300,384,322,617
2017-12-02,218,362,1008,92,264,475,272,346,322,635
2017-12-03,239,380,923,78,234,420,273,356,449,598
2017-12-04,267,455,986,111,321,456,354,535,523,631
2017-12-05,237,426,1052,102,305,471,349,528,399,753
2017-12-06,278,353,1094,97,332,492,316,463,476,680
2017-12-07,280,377,939,108,278,491,320,396,376,694
2017-12-08,206,419,994,102,265,421,293,344,359,575
2017-12-09,229,361,1003,102,206,407,258,296,661,578
2017-12-10,219,446,956,104,263,441,342,481,472,572
2017-12-11,268,474,1083,118,273,483,382,609,438,796
2017-12-12,298,479,1238,116,305,518,372,559,405,753
2017-12-13,278,487,1200,98,294,500,364,512,421,730
2017-12-14,241,470,1173,112,286,445,350,583,427,673
2017-12-15,285,410,1170,113,314,455,317,463,386,688
2017-12-16,280,379,1162,102,236,498,333,442,384,641
2017-12-17,252,477,1241,114,292,542,306,519,405,581
2017-12-18,372,489,1282,102,299,589,382,672,464,728
2017-12-19,357,458,1257,95,327,466,411,615,391,608
2017-12-20,304,471,1168,96,309,518,312,542,375,630
2017-12-21,299,486,1204,106,352,500,324,367,374,618
2017-12-22,298,435,1100,114,283,484,284,401,306,586
2017-12-23,289,466,1203,114,283,454,298,380,332,790
2017-12-24,354,479,1220,124,239,515,291,358,312,569
2017-12-25,344,555,1445,146,261,548,322,364,323,557
2017-12-26,563,760,1759,171,303,646,385,538,452,736
2017-12-27,661,846,1705,231,391,655,480,725,474,919
2017-12-28,698,892,1851,176,381,709,456,724,477,922
2017-12-29,729,916,1933,229,405,735,480,667,536,914
2017-12-30,630,859,1874,201,319,849,360,585,434,854
2017-12-31,512,651,1711,137,237,691,308,333,331,614
2018-01-01,528,666,1686,214,303,763,296,465,366,866
2018-01-02,719,927,1837,447,380,735,456,737,613,1321
2018-01-03,890,923,1896,234,383,713,490,849,543,1286
2018-01-04,1047,917,1947,309,373,781,483,798,448,1243
2018-01-05,938,851,1723,315,435,742,450,688,418,1073
2018-01-06,859,784,1763,243,378,739,333,600,472,1107
2018-01-07,921,894,1672,229,374,686,427,651,859,1077
2018-01-08,853,829,1452,198,387,664,440,804,704,1510
2018-01-09,880,838,1583,184,406,2080,452,708,682,1368
2018-01-10,818,835,1585,217,416,1221,376,675,634,1245
2018-01-11,737,683,1490,175,416,809,389,561,758,1138
2018-01-12,726,724,1366,162,377,646,344,570,644,1177
2018-01-13,696,709,1236,166,394,653,299,397,481,839
2018-01-14,659,669,1354,151,382,609,360,437,502,828
2018-01-15,597,690,1272,143,381,552,361,505,761,875
2018-01-16,662,713,1339,167,417,640,366,474,1121,863
2018-01-17,651,667,1352,172,420,700,432,488,833,806
2018-01-18,916,681,1332,139,381,679,318,476,701,915
2018-01-19,845,623,1306,158,382,640,362,444,1025,814
2018-01-20,672,631,1241,155,336,608,319,355,811,726
2018-01-21,611,638,1247,146,346,621,303,398,831,747
2018-01-22,680,650,1283,148,374,701,404,503,783,1063
2018-01-23,592,784,1238,146,371,663,381,451,662,912
2018-01-24,585,656,1201,132,372,643,418,487,601,865
2018-01-25,586,736,1187,127,370,614,373,405,1044,833
2018-01-26,605,667,1215,135,408,639,325,408,1876,787
2018-01-27,482,649,1162,122,385,577,295,338,901,639
2018-01-28,479,668,1082,106,367,627,319,384,712,720
2018-01-29,592,668,1108,138,402,647,394,495,801,957
2018-01-30,536,726,1175,129,393,627,380,426,656,879
2018-01-31,506,627,1141,112,433,595,370,437,675,760
2018-02-01,507,615,1055,132,454,631,371,449,598,840
2018-02-02,614,524,1124,132,438,551,372,439,641,760
2018-02-03,425,549,1153,122,365,573,316,340,593,663
2018-02-04,491,550,984,126,367,599,322,333,578,678
2018-02-05,527,599,1095,115,377,567,429,469,542,834
2018-02-06,398,599,1148,136,427,560,364,409,579,823
2018-02-07,402,545,1049,100,381,572,369,412,539,740
2018-02-08,390,545,1095,97,385,521,377,356,581,783
2018-02-09,356,457,973,96,379,511,351,352,535,703
2018-02-10,334,485,1034,144,329,493,288,291,491,560
2018-02-11,354,474,966,131,342,505,329,312,463,606
2018-02-12,416,557,1129,115,346,571,379,409,468,784
2018-02-13,352,509,1068,113,340,496,332,354,517,817
2018-02-14,363,532,946,104,358,494,373,365,547,684
2018-02-15,352,493,1004,85,326,521,352,560,510,757
2018-02-16,386,460,985,108,364,507,338,576,482,702
2018-02-17,355,459,1054,91,343,496,356,484,485,649
2018-02-18,417,516,1053,122,332,454,334,559,584,685
2018-02-19,393,547,1023,130,384,555,434,785,675,749
2018-02-20,387,493,1021,111,383,582,421,702,2128,787
2018-02-21,375,504,1148,115,399,581,358,657,1124,764
2018-02-22,337,497,1064,118,413,584,301,554,731,790
2018-02-23,302,390,952,102,354,599,387,689,2208,778
2018-02-24,290,392,945,97,346,502,256,482,951,645
2018-02-25,281,424,950,86,293,569,282,502,802,672
2018-02-26,366,438,914,78,339,484,340,704,710,668
2018-02-27,297,462,952,115,334,512,359,615,589,683
2018-02-28,278,440,926,92,322,482,331,529,579,796
2018-03-01,263,414,906,89,350,521,321,548,566,704
2018-03-02,246,440,873,90,359,472,345,502,535,685
2018-03-03,226,378,804,81,396,538,238,411,631,650
2018-03-04,190,350,767,94,320,504,257,402,491,544
2018-03-05,204,381,754,97,304,454,341,640,633,614
2018-03-06,246,389,945,100,314,524,409,590,519,640
2018-03-07,260,385,903,97,345,534,375,550,494,617
2018-03-08,273,376,833,91,307,500,324,484,489,590
2018-03-09,223,389,933,150,347,557,351,487,553,687
2018-03-10,186,356,859,124,351,641,311,419,572,565
2018-03-11,218,389,951,90,341,587,352,351,568,563
2018-03-12,257,395,931,98,306,509,461,391,688,648
2018-03-13,250,392,897,119,415,488,413,392,623,650
2018-03-14,207,393,856,109,397,475,425,340,557,655
2018-03-15,234,391,935,98,397,515,424,290,712,682
2018-03-16,209,355,761,107,331,504,328,403,613,581
2018-03-17,194,342,765,102,345,512,235,299,530,500
2018-03-18,206,389,812,131,301,493,217,308,585,550
2018-03-19,248,383,879,104,339,527,288,374,567,554
2018-03-20,216,384,922,105,390,487,296,437,569,604
2018-03-21,240,382,1016,113,401,552,316,333,522,602
2018-03-22,287,329,1010,128,385,556,310,320,542,583
2018-03-23,216,333,945,110,350,459,319,391,629,504
2018-03-24,173,308,984,98,291,455,238,249,423,399
2018-03-25,190,345,1015,128,302,433,242,261,464,443
2018-03-26,217,387,1006,107,363,465,323,357,553,632
2018-03-27,219,382,993,119,375,468,284,278,639,571
2018-03-28,226,370,984,115,322,470,289,297,2516,467
2018-03-29,184,310,993,136,332,505,279,286,1426,538
2018-03-30,148,314,923,120,339,454,281,277,788,512
2018-03-31,203,293,913,97,306,450,240,242,581,499
2018-04-01,196,253,750,112,282,474,223,208,600,440
2018-04-02,157,271,670,103,225,389,236,218,546,478
2018-04-03,249,281,844,97,393,479,313,339,592,650
2018-04-04,229,361,1006,124,310,477,344,287,801,614
2018-04-05,274,344,950,102,347,562,349,285,815,517
2018-04-06,207,287,956,109,361,486,315,239,3304,619
2018-04-07,159,280,909,101,278,505,226,225,2454,540
2018-04-08,197,287,916,110,290,511,251,215,1369,655
2018-04-09,273,331,921,84,352,563,348,300,2814,701
2018-04-10,295,301,926,112,344,536,318,257,1339,515
2018-04-11,189,294,878,97,337,465,292,246,1051,546
2018-04-12,172,269,840,104,339,481,285,225,868,499
2018-04-13,166,278,840,96,392,442,310,245,888,503
2018-04-14,170,263,861,77,378,483,302,208,714,410
2018-04-15,194,297,884,88,324,484,295,223,841,529
2018-04-16,207,261,898,73,389,472,310,288,812,1136
2018-04-17,174,294,819,81,478,486,364,438,771,845
2018-04-18,206,255,829,72,515,508,428,431,741,753
2018-04-19,246,268,882,102,470,502,409,366,746,679
2018-04-20,203,266,771,82,436,429,337,352,699,653
2018-04-21,148,217,708,73,357,434,325,332,533,580
2018-04-22,134,227,730,55,374,446,279,325,564,566
2018-04-23,163,281,731,81,459,448,382,297,621,724
2018-04-24,178,297,704,74,413,468,335,291,682,661
2018-04-25,138,246,785,81,375,475,207,275,601,600
2018-04-26,205,258,760,83,381,493,250,314,621,668
2018-04-27,131,268,752,93,430,488,268,261,573,627
2018-04-28,110,198,778,82,411,474,199,196,511,501
2018-04-29,136,203,723,78,466,457,223,243,584,527
2018-04-30,157,269,881,96,457,494,261,297,437,614
2018-05-01,129,289,816,86,488,426,214,285,468,574
2018-05-02,170,363,795,79,526,463,256,338,578,650
2018-05-03,165,302,833,78,497,500,255,367,625,711
2018-05-04,123,275,769,80,429,543,211,429,561,623
2018-05-05,162,278,729,66,313,465,193,327,589,565
2018-05-06,158,267,725,72,348,472,208,304,546,502
2018-05-07,198,302,748,68,395,529,255,419,635,627
2018-05-08,187,281,766,76,451,523,221,363,644,653
2018-05-09,219,301,824,83,451,523,253,325,755,630
2018-05-10,188,311,747,76,469,509,259,340,697,664
2018-05-11,176,279,782,78,426,473,241,390,698,646
2018-05-12,135,284,731,60,394,529,185,285,621,479
2018-05-13,116,231,733,74,392,473,205,271,590,524
2018-05-14,203,313,855,80,486,526,294,381,672,704
2018-05-15,175,388,1443,105,536,499,250,378,656,679
2018-05-16,184,369,4360,238,427,504,246,366,595,597
2018-05-17,166,307,2511,164,518,485,263,385,630,600
2018-05-18,175,307,1740,121,450,534,232,342,610,594
2018-05-19,144,252,1431,114,361,481,172,267,561,528
2018-05-20,184,280,1414,116,404,507,194,281,452,556
2018-05-21,179,386,1598,134,447,543,298,421,595,727
2018-05-22,214,346,1543,124,484,551,248,410,517,712
2018-05-23,175,337,1419,100,449,571,239,398,636,638
2018-05-24,161,316,1371,115,459,522,249,292,513,553
2018-05-25,131,258,1372,104,532,478,307,304,487,612
2018-05-26,122,220,1349,91,391,525,196,296,368,510
2018-05-27,151,265,1287,118,412,492,221,299,442,568
2018-05-28,162,294,1390,100,467,485,241,369,587,665
2018-05-29,166,328,1282,95,386,508,236,373,595,688
2018-05-30,156,340,1320,75,394,550,264,371,597,595
2018-05-31,156,299,1259,97,455,527,253,338,518,564
2018-06-01,134,235,1114,86,412,491,194,263,510,659
2018-06-02,126,262,1127,97,380,489,208,256,536,572
2018-06-03,100,272,1177,93,386,453,211,294,556,577
2018-06-04,155,305,1220,98,454,516,288,261,673,675
2018-06-05,206,282,1066,99,456,446,259,222,548,717
2018-06-06,215,279,1164,125,400,499,298,202,578,630
2018-06-07,175,340,1030,96,392,514,211,210,611,585
2018-06-08,212,263,1216,80,367,505,199,167,564,609
2018-06-09,129,252,1113,81,333,487,199,218,511,445
2018-06-10,115,284,1118,80,327,467,212,222,512,496
2018-06-11,155,303,1641,114,390,530,231,318,717,613
2018-06-12,160,333,1576,100,366,511,288,301,558,555
2018-06-13,161,343,1384,102,412,534,376,356,629,668
2018-06-14,166,349,1368,92,477,528,372,328,616,653
2018-06-15,167,227,1228,84,438,476,288,290,504,542
2018-06-16,136,340,1128,82,454,489,226,236,438,514
2018-06-17,119,300,1158,86,400,480,218,256,439,531
2018-06-18,168,311,1214,96,464,518,246,238,464,613
2018-06-19,190,319,1158,74,466,522,219,225,432,649
2018-06-20,171,287,1168,88,492,476,239,235,400,633
2018-06-21,170,295,1090,86,429,465,244,253,475,533
2018-06-22,184,314,1160,76,439,470,286,298,563,534
2018-06-23,140,254,1178,77,377,505,228,207,580,441
2018-06-24,124,259,1155,86,427,498,237,254,637,513
2018-06-25,151,290,1202,79,474,528,213,301,559,586
2018-06-26,161,293,1279,78,452,466,238,270,601,572
2018-06-27,151,294,1191,70,382,522,172,258,441,551
2018-06-28,124,290,1164,78,464,470,197,216,532,545
2018-06-29,128,272,1146,90,493,519,200,220,483,572
2018-06-30,125,242,1000,73,379,476,170,183,413,469
2018-07-01,106,287,977,67,380,480,178,199,436,453
2018-07-02,122,326,1159,86,458,487,236,302,419,508
2018-07-03,104,286,1132,35,446,462,209,223,417,607
2018-07-04,89,186,966,24,284,386,241,160,321,511
2018-07-05,82,256,925,81,312,389,200,141,878,493
2018-07-06,107,297,968,109,458,380,172,192,1067,473
2018-07-07,84,277,921,65,397,405,49,98,593,180
2018-07-08,24,250,908,96,204,404,45,133,588,184
2018-07-09,36,321,1186,50,392,415,114,67,540,356
2018-07-10,24,241,1017,70,408,403,167,55,473,564
2018-07-11,36,309,992,87,465,439,176,128,534,537
2018-07-12,31,293,935,72,423,392,209,193,479,549
2018-07-13,21,287,1028,96,363,426,241,171,461,538
2018-07-14,42,256,873,78,359,436,160,160,399,423
2018-07-15,20,252,890,66,323,445,202,113,412,389
2018-07-16,95,314,975,76,441,461,207,164,532,600
2018-07-17,110,268,1027,85,467,487,204,180,428,628
2018-07-18,169,442,993,59,442,481,184,153,449,473
2018-07-19,110,242,971,74,466,488,219,116,403,511
2018-07-20,89,222,905,72,446,455,199,144,345,506
2018-07-21,80,222,917,76,391,463,185,129,320,460
2018-07-22,89,210,969,72,373,469,160,95,363,491
2018-07-23,120,266,1038,81,441,454,162,189,413,618
2018-07-24,101,256,988,92,425,480,181,166,329,558
2018-07-25,103,262,1025,69,1332,470,185,148,459,615
2018-07-26,99,278,959,85,457,479,163,156,368,619
2018-07-27,105,212,873,72,388,397,172,163,283,410
2018-07-28,50,153,910,76,291,500,148,93,296,325
2018-07-29,57,173,945,73,298,459,168,120,278,313
2018-07-30,63,197,1008,69,371,449,191,114,312,468
2018-07-31,72,183,866,77,400,446,185,119,299,480
2018-08-01,80,220,951,92,518,493,236,143,365,608
2018-08-02,94,265,996,81,503,487,250,142,485,622
2018-08-03,92,242,928,90,503,454,256,170,399,596
2018-08-04,73,278,969,70,423,504,237,182,477,509
2018-08-05,136,244,1240,103,424,541,384,142,598,544
2018-08-06,143,234,1015,84,412,555,320,145,869,625
2018-08-07,136,230,1049,89,463,503,285,165,1038,646
2018-08-08,106,244,1055,87,461,526,224,190,1440,579
2018-08-09,101,446,1169,97,513,566,278,159,1170,585
2018-08-10,86,329,1049,92,408,558,251,162,918,542
2018-08-11,91,255,915,79,432,582,246,243,771,477
2018-08-12,146,280,947,85,413,599,246,280,803,1291
2018-08-13,93,340,1038,72,431,575,285,320,730,896
2018-08-14,96,279,1016,91,399,547,221,279,536,605
2018-08-15,89,308,1072,75,312,571,227,301,412,455
2018-08-16,90,284,995,83,440,624,274,321,401,513
2018-08-17,79,295,957,89,429,582,288,316,404,573
2018-08-18,82,290,942,86,400,614,258,295,356,509
2018-08-19,65,329,978,83,408,601,254,341,300,521
2018-08-20,111,359,1042,87,438,696,342,367,2038,858
2018-08-21,105,334,921,92,463,643,301,382,1471,690
2018-08-22,127,455,1144,117,491,623,304,349,821,664
2018-08-23,112,434,1014,100,424,653,282,282,677,673
2018-08-24,111,396,953,72,500,623,293,216,626,648
2018-08-25,106,364,988,90,456,647,246,202,594,551
2018-08-26,118,407,969,107,413,622,195,202,426,510
2018-08-27,140,677,1002,92,472,622,292,281,469,600
2018-08-28,179,502,1038,112,446,688,298,226,459,685
2018-08-29,143,478,1062,117,541,693,307,257,499,610
2018-08-30,151,413,1016,108,523,666,296,245,548,579
2018-08-31,150,405,955,80,467,586,286,224,414,653
2018-09-01,115,375,939,103,412,536,219,131,257,521
2018-09-02,137,394,908,94,389,586,203,114,307,508
2018-09-03,193,411,1032,92,477,586,307,167,337,617
2018-09-04,147,484,1026,95,440,630,275,191,409,613
2018-09-05,209,442,1008,97,515,644,262,175,430,712
2018-09-06,254,495,976,78,514,670,272,171,460,740
2018-09-07,177,375,999,110,460,634,291,153,340,853
2018-09-08,165,396,832,74,420,610,205,139,364,1330
2018-09-09,130,399,890,81,432,578,244,192,322,3412
2018-09-10,201,454,918,70,445,627,292,226,382,2540
2018-09-11,184,498,791,89,495,543,317,227,425,2497
2018-09-12,214,485,843,125,466,505,313,187,435,1469
2018-09-13,232,412,809,84,473,455,291,133,412,969
2018-09-14,143,355,765,85,445,499,238,215,406,931
2018-09-15,182,365,809,89,372,442,243,193,344,980
2018-09-16,153,454,732,97,421,470,225,207,358,754
2018-09-17,206,529,771,96,420,571,297,138,400,887
2018-09-18,184,567,841,73,467,533,322,167,364,877
2018-09-19,198,533,913,84,459,561,329,163,359,867
2018-09-20,214,501,729,79,410,515,296,220,363,769
2018-09-21,180,416,769,88,473,496,275,199,310,815
2018-09-22,201,397,785,78,426,465,242,130,299,651
2018-09-23,195,509,771,73,358,484,288,140,299,717
2018-09-24,222,517,801,85,412,504,296,166,359,717
2018-09-25,252,559,775,82,443,465,337,161,452,766
2018-09-26,285,599,880,105,415,625,289,156,352,663
2018-09-27,330,504,894,99,469,584,245,163,452,689
2018-09-28,225,437,822,92,436,509,237,189,830,620
2018-09-29,222,425,740,115,440,506,220,169,343,519
2018-09-30,186,494,799,98,529,503,230,171,287,559
2018-10-01,271,536,871,90,499,524,297,226,401,686
2018-10-02,275,531,860,100,426,480,280,193,364,701
2018-10-03,258,613,841,101,472,538,304,199,279,698
2018-10-04,220,496,886,73,455,540,289,254,307,589
2018-10-05,253,469,970,84,419,601,265,409,250,670
2018-10-06,202,549,960,80,426,595,233,434,252,623
2018-10-07,221,562,1007,103,433,539,239,402,338,610
2018-10-08,272,556,1121,91,423,636,302,638,556,816
2018-10-09,259,582,1195,114,399,690,309,543,362,733
2018-10-10,272,628,1173,109,458,697,307,505,325,698
2018-10-11,233,581,1143,116,459,666,298,517,370,690
2018-10-12,201,495,1043,80,390,629,294,532,265,673
2018-10-13,196,464,1084,94,421,613,237,424,292,729
2018-10-14,237,494,1154,83,370,689,253,437,269,618
2018-10-15,256,616,1188,98,413,701,303,486,251,791
2018-10-16,283,641,1382,115,425,656,308,554,251,732
2018-10-17,281,582,1286,117,482,714,306,556,436,748
2018-10-18,300,583,1068,117,433,714,273,504,332,718
2018-10-19,264,496,1015,85,445,678,237,492,412,612
2018-10-20,192,431,925,76,392,629,222,382,544,521
2018-10-21,231,555,1007,77,400,652,244,421,1695,644
2018-10-22,348,585,1035,108,364,658,278,567,746,683
2018-10-23,281,579,1046,80,421,585,335,542,749,693
2018-10-24,254,537,900,104,432,682,319,492,433,664
2018-10-25,297,574,993,92,455,662,301,507,380,505
2018-10-26,245,452,880,78,454,629,263,511,307,465
2018-10-27,197,444,853,74,362,609,196,406,402,396
2018-10-28,248,541,879,80,374,627,272,445,269,451
2018-10-29,242,439,803,91,371,574,260,516,275,491
2018-10-30,254,542,896,96,373,573,271,403,213,711
2018-10-31,225,541,799,76,371,592,220,331,217,661
2018-11-01,281,518,869,101,396,709,247,307,252,555
2018-11-02,257,446,850,119,417,654,305,334,285,991
2018-11-03,199,488,860,83,405,652,282,306,270,801
2018-11-04,263,593,879,105,393,629,285,351,509,785
2018-11-05,357,635,985,106,469,649,362,428,326,843
2018-11-06,287,592,903,78,432,640,302,388,354,880
2018-11-07,270,599,957,105,446,662,369,357,284,787
2018-11-08,352,612,998,132,456,670,324,379,327,623
2018-11-09,272,457,937,80,439,609,292,331,317,615
2018-11-10,256,483,885,74,445,656,217,304,275,559
2018-11-11,286,619,874,113,429,678,258,330,3685,557
2018-11-12,348,625,964,68,485,707,354,390,3993,827
2018-11-13,331,600,978,107,458,755,365,404,1620,1085
2018-11-14,306,574,1021,124,496,750,344,404,1248,843
2018-11-15,297,583,1015,79,497,640,309,372,1273,819
2018-11-16,259,594,895,94,514,658,317,359,859,765
2018-11-17,343,553,938,84,430,645,311,245,671,593
2018-11-18,322,621,908,104,423,713,261,285,538,640
2018-11-19,368,740,995,96,452,688,343,387,625,723
2018-11-20,409,815,1010,109,447,704,336,353,534,708
2018-11-21,368,699,1008,109,465,714,418,296,406,753
2018-11-22,370,874,946,97,454,631,295,212,533,516
2018-11-23,264,450,749,68,372,534,162,185,573,405
2018-11-24,193,398,857,79,369,539,140,134,385,415
2018-11-25,210,392,862,90,339,506,160,155,427,367
2018-11-26,261,539,933,80,336,546,173,345,458,490
2018-11-27,281,503,916,106,320,560,153,174,447,492
2018-11-28,569,429,940,124,321,582,132,163,419,445
2018-11-29,275,389,822,105,316,521,124,178,411,449
2018-11-30,262,351,805,81,371,535,164,157,493,443
2018-12-01,249,313,881,82,258,533,175,127,520,377
2018-12-02,276,359,767,90,297,569,127,140,510,427
2018-12-03,386,422,879,103,334,574,169,200,419,511
2018-12-04,339,435,905,82,308,544,153,196,401,530
2018-12-05,295,497,910,107,373,540,201,174,342,552
2018-12-06,278,475,979,73,365,586,224,181,355,550
2018-12-07,,,870,92,325,554,179,154,408,482
